question_number,response_category,demographic_parameter,subgroup,responders_n,base_sub_total,freq
T1,A great deal,Overall Population,Overall Population,339,2818,12
T1,A great deal,Biological Sex,Men,202,1364,15
T1,A great deal,Biological Sex,Women,131,1397,9
T1,A great deal,Age,From 16 to 34,146,906,16
T1,A great deal,Age,From 35 to 54,122,982,12
T1,A great deal,Age,From 55 to 69,46,604,8
T1,A great deal,Age,70 and above,17,272,6
T1,A great deal,Age,35 and above,184,1858,10
T1,A great deal,Age,Under 55,268,1888,14.000000000000002
T1,A great deal,Area Type (Population Density),Urban (All),277,2308,12
T1,A great deal,Area Type (Population Density),Rural (All),62,510,12
T1,A great deal,Area Type (Population Density),Urban (Large),159,1110,14.000000000000002
T1,A great deal,Area Type (Population Density),Urban (Other),78,884,9
T1,A great deal,Area Type (Population Density),Small Towns (Accessible),27,224,12
T1,A great deal,Area Type (Population Density),Small Towns (Remote),13,90,14.000000000000002
T1,A great deal,Area Type (Population Density),Rural (Accessible),39,343,11
T1,A great deal,Area Type (Population Density),Rural (Remote),22,167,13
T1,A great deal,Energy Hub Area,Yes/Applicable,75,513,15
T1,A great deal,Energy Hub Area,No/Not Applicable,264,2305,11
T1,A great deal,Flood Risk Area,Yes/Applicable,111,920,12
T1,A great deal,Flood Risk Area,No/Not Applicable,228,1898,12
T1,A great deal,Education,No Formal Qualifications,17,247,7.000000000000001
T1,A great deal,Education,Other Qualifications,99,1265,8
T1,A great deal,Education,Degree or Higher Qualifications,194,1056,18
T1,A great deal,Education,Non-graduate,116,1512,8
T1,A great deal,Working Status,Employed (FT or PT),238,1717,14.000000000000002
T1,A great deal,Working Status,Unemployed,52,528,10
T1,A great deal,Working Status,Retired,30,456,7.000000000000001
T1,A great deal,Income,"Less than £26,000",81,746,11
T1,A great deal,Income,"From £26,000 to less than £52,000",102,759,13
T1,A great deal,Income,"Less than £52,000",183,1505,12
T1,A great deal,Income,"£52,000 and above",94,692,14.000000000000002
T1,A fair amount,Overall Population,Overall Population,1411,2818,50
T1,A fair amount,Biological Sex,Men,710,1364,52
T1,A fair amount,Biological Sex,Women,676,1397,48
T1,A fair amount,Age,From 16 to 34,490,906,54
T1,A fair amount,Age,From 35 to 54,453,982,46
T1,A fair amount,Age,From 55 to 69,289,604,48
T1,A fair amount,Age,70 and above,152,272,56.00000000000001
T1,A fair amount,Age,35 and above,895,1858,48
T1,A fair amount,Age,Under 55,943,1888,50
T1,A fair amount,Area Type (Population Density),Urban (All),1139,2308,49
T1,A fair amount,Area Type (Population Density),Rural (All),272,510,53
T1,A fair amount,Area Type (Population Density),Urban (Large),576,1110,52
T1,A fair amount,Area Type (Population Density),Urban (Other),417,884,47
T1,A fair amount,Area Type (Population Density),Small Towns (Accessible),107,224,48
T1,A fair amount,Area Type (Population Density),Small Towns (Remote),39,90,43
T1,A fair amount,Area Type (Population Density),Rural (Accessible),182,343,53
T1,A fair amount,Area Type (Population Density),Rural (Remote),90,167,54
T1,A fair amount,Energy Hub Area,Yes/Applicable,251,513,49
T1,A fair amount,Energy Hub Area,No/Not Applicable,1160,2305,50
T1,A fair amount,Flood Risk Area,Yes/Applicable,441,920,48
T1,A fair amount,Flood Risk Area,No/Not Applicable,970,1898,51
T1,A fair amount,Education,No Formal Qualifications,84,247,34
T1,A fair amount,Education,Other Qualifications,619,1265,49
T1,A fair amount,Education,Degree or Higher Qualifications,584,1056,55.00000000000001
T1,A fair amount,Education,Non-graduate,703,1512,46
T1,A fair amount,Working Status,Employed (FT or PT),831,1717,48
T1,A fair amount,Working Status,Unemployed,279,528,53
T1,A fair amount,Working Status,Retired,246,456,54
T1,A fair amount,Income,"Less than £26,000",332,746,45
T1,A fair amount,Income,"From £26,000 to less than £52,000",379,759,50
T1,A fair amount,Income,"Less than £52,000",711,1505,47
T1,A fair amount,Income,"£52,000 and above",396,692,56.99999999999999
T1,A little,Overall Population,Overall Population,960,2818,34
T1,A little,Biological Sex,Men,404,1364,30
T1,A little,Biological Sex,Women,544,1397,39
T1,A little,Age,From 16 to 34,229,906,25
T1,A little,Age,From 35 to 54,375,982,38
T1,A little,Age,From 55 to 69,248,604,41
T1,A little,Age,70 and above,97,272,36
T1,A little,Age,35 and above,720,1858,39
T1,A little,Age,Under 55,604,1888,32
T1,A little,Area Type (Population Density),Urban (All),798,2308,35
T1,A little,Area Type (Population Density),Rural (All),162,510,32
T1,A little,Area Type (Population Density),Urban (Large),339,1110,31
T1,A little,Area Type (Population Density),Urban (Other),351,884,40
T1,A little,Area Type (Population Density),Small Towns (Accessible),76,224,34
T1,A little,Area Type (Population Density),Small Towns (Remote),32,90,36
T1,A little,Area Type (Population Density),Rural (Accessible),114,343,33
T1,A little,Area Type (Population Density),Rural (Remote),48,167,28.999999999999996
T1,A little,Energy Hub Area,Yes/Applicable,172,513,34
T1,A little,Energy Hub Area,No/Not Applicable,788,2305,34
T1,A little,Flood Risk Area,Yes/Applicable,325,920,35
T1,A little,Flood Risk Area,No/Not Applicable,635,1898,33
T1,A little,Education,No Formal Qualifications,122,247,49
T1,A little,Education,Other Qualifications,494,1265,39
T1,A little,Education,Degree or Higher Qualifications,265,1056,25
T1,A little,Education,Non-graduate,616,1512,41
T1,A little,Working Status,Employed (FT or PT),603,1717,35
T1,A little,Working Status,Unemployed,163,528,31
T1,A little,Working Status,Retired,166,456,36
T1,A little,Income,"Less than £26,000",294,746,39
T1,A little,Income,"From £26,000 to less than £52,000",258,759,34
T1,A little,Income,"Less than £52,000",552,1505,37
T1,A little,Income,"£52,000 and above",189,692,27
T1,Nothing at all,Overall Population,Overall Population,76,2818,3
T1,Nothing at all,Biological Sex,Men,37,1364,3
T1,Nothing at all,Biological Sex,Women,33,1397,2
T1,Nothing at all,Age,From 16 to 34,34,906,4
T1,Nothing at all,Age,From 35 to 54,26,982,3
T1,Nothing at all,Age,From 55 to 69,6,604,1
T1,Nothing at all,Age,70 and above,5,272,2
T1,Nothing at all,Age,35 and above,37,1858,2
T1,Nothing at all,Age,Under 55,60,1888,3
T1,Nothing at all,Area Type (Population Density),Urban (All),67,2308,3
T1,Nothing at all,Area Type (Population Density),Rural (All),9,510,2
T1,Nothing at all,Area Type (Population Density),Urban (Large),26,1110,2
T1,Nothing at all,Area Type (Population Density),Urban (Other),25,884,3
T1,Nothing at all,Area Type (Population Density),Small Towns (Accessible),12,224,5
T1,Nothing at all,Area Type (Population Density),Small Towns (Remote),4,90,4
T1,Nothing at all,Area Type (Population Density),Rural (Accessible),8,343,2
T1,Nothing at all,Area Type (Population Density),Rural (Remote),1,167,1
T1,Nothing at all,Energy Hub Area,Yes/Applicable,13,513,3
T1,Nothing at all,Energy Hub Area,No/Not Applicable,62,2305,3
T1,Nothing at all,Flood Risk Area,Yes/Applicable,36,920,4
T1,Nothing at all,Flood Risk Area,No/Not Applicable,40,1898,2
T1,Nothing at all,Education,No Formal Qualifications,13,247,5
T1,Nothing at all,Education,Other Qualifications,47,1265,4
T1,Nothing at all,Education,Degree or Higher Qualifications,9,1056,1
T1,Nothing at all,Education,Non-graduate,59,1512,4
T1,Nothing at all,Working Status,Employed (FT or PT),40,1717,2
T1,Nothing at all,Working Status,Unemployed,23,528,4
T1,Nothing at all,Working Status,Retired,8,456,2
T1,Nothing at all,Income,"Less than £26,000",29,746,4
T1,Nothing at all,Income,"From £26,000 to less than £52,000",20,759,3
T1,Nothing at all,Income,"Less than £52,000",48,1505,3
T1,Nothing at all,Income,"£52,000 and above",10,692,1
T1,Don't know,Overall Population,Overall Population,20,2818,1
T1,Don't know,Biological Sex,Men,11,1364,1
T1,Don't know,Biological Sex,Women,10,1397,1
T1,Don't know,Age,From 16 to 34,4,906,0
T1,Don't know,Age,From 35 to 54,5,982,1
T1,Don't know,Age,From 55 to 69,12,604,2
T1,Don't know,Age,70 and above,NA,272,NA
T1,Don't know,Age,35 and above,17,1858,1
T1,Don't know,Age,Under 55,8,1888,0
T1,Don't know,Area Type (Population Density),Urban (All),17,2308,1
T1,Don't know,Area Type (Population Density),Rural (All),4,510,1
T1,Don't know,Area Type (Population Density),Urban (Large),9,1110,1
T1,Don't know,Area Type (Population Density),Urban (Other),7,884,1
T1,Don't know,Area Type (Population Density),Small Towns (Accessible),NA,224,NA
T1,Don't know,Area Type (Population Density),Small Towns (Remote),NA,90,NA
T1,Don't know,Area Type (Population Density),Rural (Accessible),NA,343,NA
T1,Don't know,Area Type (Population Density),Rural (Remote),4,167,2
T1,Don't know,Energy Hub Area,Yes/Applicable,NA,513,NA
T1,Don't know,Energy Hub Area,No/Not Applicable,20,2305,1
T1,Don't know,Flood Risk Area,Yes/Applicable,5,920,1
T1,Don't know,Flood Risk Area,No/Not Applicable,15,1898,1
T1,Don't know,Education,No Formal Qualifications,11,247,4
T1,Don't know,Education,Other Qualifications,4,1265,0
T1,Don't know,Education,Degree or Higher Qualifications,3,1056,0
T1,Don't know,Education,Non-graduate,16,1512,1
T1,Don't know,Working Status,Employed (FT or PT),3,1717,0
T1,Don't know,Working Status,Unemployed,10,528,2
T1,Don't know,Working Status,Retired,5,456,1
T1,Don't know,Income,"Less than £26,000",10,746,1
T1,Don't know,Income,"From £26,000 to less than £52,000",NA,759,NA
T1,Don't know,Income,"Less than £52,000",10,1505,1
T1,Don't know,Income,"£52,000 and above",2,692,0
T1,Prefer not to say,Overall Population,Overall Population,11,2818,0
T1,Prefer not to say,Biological Sex,Men,2,1364,0
T1,Prefer not to say,Biological Sex,Women,4,1397,0
T1,Prefer not to say,Age,From 16 to 34,4,906,0
T1,Prefer not to say,Age,From 35 to 54,1,982,0
T1,Prefer not to say,Age,From 55 to 69,2,604,0
T1,Prefer not to say,Age,70 and above,NA,272,NA
T1,Prefer not to say,Age,35 and above,4,1858,0
T1,Prefer not to say,Age,Under 55,5,1888,0
T1,Prefer not to say,Area Type (Population Density),Urban (All),10,2308,0
T1,Prefer not to say,Area Type (Population Density),Rural (All),1,510,0
T1,Prefer not to say,Area Type (Population Density),Urban (Large),2,1110,0
T1,Prefer not to say,Area Type (Population Density),Urban (Other),5,884,1
T1,Prefer not to say,Area Type (Population Density),Small Towns (Accessible),2,224,1
T1,Prefer not to say,Area Type (Population Density),Small Towns (Remote),1,90,1
T1,Prefer not to say,Area Type (Population Density),Rural (Accessible),NA,343,NA
T1,Prefer not to say,Area Type (Population Density),Rural (Remote),1,167,1
T1,Prefer not to say,Energy Hub Area,Yes/Applicable,1,513,0
T1,Prefer not to say,Energy Hub Area,No/Not Applicable,10,2305,0
T1,Prefer not to say,Flood Risk Area,Yes/Applicable,1,920,0
T1,Prefer not to say,Flood Risk Area,No/Not Applicable,11,1898,1
T1,Prefer not to say,Education,No Formal Qualifications,NA,247,NA
T1,Prefer not to say,Education,Other Qualifications,1,1265,0
T1,Prefer not to say,Education,Degree or Higher Qualifications,2,1056,0
T1,Prefer not to say,Education,Non-graduate,1,1512,0
T1,Prefer not to say,Working Status,Employed (FT or PT),2,1717,0
T1,Prefer not to say,Working Status,Unemployed,NA,528,NA
T1,Prefer not to say,Working Status,Retired,1,456,0
T1,Prefer not to say,Income,"Less than £26,000",NA,746,NA
T1,Prefer not to say,Income,"From £26,000 to less than £52,000",1,759,0
T1,Prefer not to say,Income,"Less than £52,000",1,1505,0
T1,Prefer not to say,Income,"£52,000 and above",1,692,0
T3,Climate change is an immediate and urgent problem,Overall Population,Overall Population,2925,4071,72
T3,Climate change is an immediate and urgent problem,Biological Sex,Men,1290,1876,69
T3,Climate change is an immediate and urgent problem,Biological Sex,Women,1574,2080,76
T3,Climate change is an immediate and urgent problem,Age,From 16 to 34,793,1020,78
T3,Climate change is an immediate and urgent problem,Age,From 35 to 54,864,1231,70
T3,Climate change is an immediate and urgent problem,Age,From 55 to 69,704,990,71
T3,Climate change is an immediate and urgent problem,Age,70 and above,495,706,70
T3,Climate change is an immediate and urgent problem,Age,35 and above,2063,2926,71
T3,Climate change is an immediate and urgent problem,Age,Under 55,1657,2251,74
T3,Climate change is an immediate and urgent problem,Area Type (Population Density),Urban (All),2402,3338,72
T3,Climate change is an immediate and urgent problem,Area Type (Population Density),Rural (All),524,733,71
T3,Climate change is an immediate and urgent problem,Area Type (Population Density),Urban (Large),1146,1524,75
T3,Climate change is an immediate and urgent problem,Area Type (Population Density),Urban (Other),924,1334,69
T3,Climate change is an immediate and urgent problem,Area Type (Population Density),Small Towns (Accessible),251,357,70
T3,Climate change is an immediate and urgent problem,Area Type (Population Density),Small Towns (Remote),80,122,66
T3,Climate change is an immediate and urgent problem,Area Type (Population Density),Rural (Accessible),357,493,72
T3,Climate change is an immediate and urgent problem,Area Type (Population Density),Rural (Remote),167,240,70
T3,Climate change is an immediate and urgent problem,Energy Hub Area,Yes/Applicable,525,759,69
T3,Climate change is an immediate and urgent problem,Energy Hub Area,No/Not Applicable,2400,3311,72
T3,Climate change is an immediate and urgent problem,Flood Risk Area,Yes/Applicable,912,1310,70
T3,Climate change is an immediate and urgent problem,Flood Risk Area,No/Not Applicable,2014,2760,73
T3,Climate change is an immediate and urgent problem,Education,No Formal Qualifications,343,576,60
T3,Climate change is an immediate and urgent problem,Education,Other Qualifications,1230,1757,70
T3,Climate change is an immediate and urgent problem,Education,Degree or Higher Qualifications,1096,1331,82
T3,Climate change is an immediate and urgent problem,Education,Non-graduate,1573,2333,67
T3,Climate change is an immediate and urgent problem,Working Status,Employed (FT or PT),1652,2231,74
T3,Climate change is an immediate and urgent problem,Working Status,Unemployed,472,687,69
T3,Climate change is an immediate and urgent problem,Working Status,Retired,714,986,72
T3,Climate change is an immediate and urgent problem,Income,"Less than £26,000",827,1188,70
T3,Climate change is an immediate and urgent problem,Income,"From £26,000 to less than £52,000",746,972,77
T3,Climate change is an immediate and urgent problem,Income,"Less than £52,000",1573,2160,73
T3,Climate change is an immediate and urgent problem,Income,"£52,000 and above",674,858,79
T3,Climate change is more of a problem for the future,Overall Population,Overall Population,548,4071,13
T3,Climate change is more of a problem for the future,Biological Sex,Men,265,1876,14.000000000000002
T3,Climate change is more of a problem for the future,Biological Sex,Women,271,2080,13
T3,Climate change is more of a problem for the future,Age,From 16 to 34,133,1020,13
T3,Climate change is more of a problem for the future,Age,From 35 to 54,155,1231,13
T3,Climate change is more of a problem for the future,Age,From 55 to 69,132,990,13
T3,Climate change is more of a problem for the future,Age,70 and above,111,706,16
T3,Climate change is more of a problem for the future,Age,35 and above,399,2926,14.000000000000002
T3,Climate change is more of a problem for the future,Age,Under 55,288,2251,13
T3,Climate change is more of a problem for the future,Area Type (Population Density),Urban (All),466,3338,14.000000000000002
T3,Climate change is more of a problem for the future,Area Type (Population Density),Rural (All),82,733,11
T3,Climate change is more of a problem for the future,Area Type (Population Density),Urban (Large),207,1524,14.000000000000002
T3,Climate change is more of a problem for the future,Area Type (Population Density),Urban (Other),200,1334,15
T3,Climate change is more of a problem for the future,Area Type (Population Density),Small Towns (Accessible),42,357,12
T3,Climate change is more of a problem for the future,Area Type (Population Density),Small Towns (Remote),17,122,14.000000000000002
T3,Climate change is more of a problem for the future,Area Type (Population Density),Rural (Accessible),60,493,12
T3,Climate change is more of a problem for the future,Area Type (Population Density),Rural (Remote),21,240,9
T3,Climate change is more of a problem for the future,Energy Hub Area,Yes/Applicable,101,759,13
T3,Climate change is more of a problem for the future,Energy Hub Area,No/Not Applicable,446,3311,13
T3,Climate change is more of a problem for the future,Flood Risk Area,Yes/Applicable,187,1310,14.000000000000002
T3,Climate change is more of a problem for the future,Flood Risk Area,No/Not Applicable,360,2760,13
T3,Climate change is more of a problem for the future,Education,No Formal Qualifications,128,576,22
T3,Climate change is more of a problem for the future,Education,Other Qualifications,235,1757,13
T3,Climate change is more of a problem for the future,Education,Degree or Higher Qualifications,120,1331,9
T3,Climate change is more of a problem for the future,Education,Non-graduate,363,2333,16
T3,Climate change is more of a problem for the future,Working Status,Employed (FT or PT),243,2231,11
T3,Climate change is more of a problem for the future,Working Status,Unemployed,132,687,19
T3,Climate change is more of a problem for the future,Working Status,Retired,145,986,15
T3,Climate change is more of a problem for the future,Income,"Less than £26,000",194,1188,16
T3,Climate change is more of a problem for the future,Income,"From £26,000 to less than £52,000",99,972,10
T3,Climate change is more of a problem for the future,Income,"Less than £52,000",293,2160,14.000000000000002
T3,Climate change is more of a problem for the future,Income,"£52,000 and above",92,858,11
T3,Climate change is not really a problem,Overall Population,Overall Population,159,4071,4
T3,Climate change is not really a problem,Biological Sex,Men,101,1876,5
T3,Climate change is not really a problem,Biological Sex,Women,53,2080,3
T3,Climate change is not really a problem,Age,From 16 to 34,21,1020,2
T3,Climate change is not really a problem,Age,From 35 to 54,58,1231,5
T3,Climate change is not really a problem,Age,From 55 to 69,47,990,5
T3,Climate change is not really a problem,Age,70 and above,26,706,4
T3,Climate change is not really a problem,Age,35 and above,131,2926,4
T3,Climate change is not really a problem,Age,Under 55,78,2251,3
T3,Climate change is not really a problem,Area Type (Population Density),Urban (All),128,3338,4
T3,Climate change is not really a problem,Area Type (Population Density),Rural (All),31,733,4
T3,Climate change is not really a problem,Area Type (Population Density),Urban (Large),57,1524,4
T3,Climate change is not really a problem,Area Type (Population Density),Urban (Other),43,1334,3
T3,Climate change is not really a problem,Area Type (Population Density),Small Towns (Accessible),21,357,6
T3,Climate change is not really a problem,Area Type (Population Density),Small Towns (Remote),6,122,5
T3,Climate change is not really a problem,Area Type (Population Density),Rural (Accessible),15,493,3
T3,Climate change is not really a problem,Area Type (Population Density),Rural (Remote),16,240,7.000000000000001
T3,Climate change is not really a problem,Energy Hub Area,Yes/Applicable,33,759,4
T3,Climate change is not really a problem,Energy Hub Area,No/Not Applicable,126,3311,4
T3,Climate change is not really a problem,Flood Risk Area,Yes/Applicable,40,1310,3
T3,Climate change is not really a problem,Flood Risk Area,No/Not Applicable,119,2760,4
T3,Climate change is not really a problem,Education,No Formal Qualifications,31,576,5
T3,Climate change is not really a problem,Education,Other Qualifications,72,1757,4
T3,Climate change is not really a problem,Education,Degree or Higher Qualifications,36,1331,3
T3,Climate change is not really a problem,Education,Non-graduate,103,2333,4
T3,Climate change is not really a problem,Working Status,Employed (FT or PT),107,2231,5
T3,Climate change is not really a problem,Working Status,Unemployed,16,687,2
T3,Climate change is not really a problem,Working Status,Retired,22,986,2
T3,Climate change is not really a problem,Income,"Less than £26,000",49,1188,4
T3,Climate change is not really a problem,Income,"From £26,000 to less than £52,000",30,972,3
T3,Climate change is not really a problem,Income,"Less than £52,000",79,2160,4
T3,Climate change is not really a problem,Income,"£52,000 and above",34,858,4
T3,I'm still not convinced that climate change is happening,Overall Population,Overall Population,223,4071,5
T3,I'm still not convinced that climate change is happening,Biological Sex,Men,129,1876,7.000000000000001
T3,I'm still not convinced that climate change is happening,Biological Sex,Women,80,2080,4
T3,I'm still not convinced that climate change is happening,Age,From 16 to 34,27,1020,3
T3,I'm still not convinced that climate change is happening,Age,From 35 to 54,67,1231,5
T3,I'm still not convinced that climate change is happening,Age,From 55 to 69,65,990,7.000000000000001
T3,I'm still not convinced that climate change is happening,Age,70 and above,51,706,7.000000000000001
T3,I'm still not convinced that climate change is happening,Age,35 and above,183,2926,6
T3,I'm still not convinced that climate change is happening,Age,Under 55,94,2251,4
T3,I'm still not convinced that climate change is happening,Area Type (Population Density),Urban (All),174,3338,5
T3,I'm still not convinced that climate change is happening,Area Type (Population Density),Rural (All),49,733,7.000000000000001
T3,I'm still not convinced that climate change is happening,Area Type (Population Density),Urban (Large),55,1524,4
T3,I'm still not convinced that climate change is happening,Area Type (Population Density),Urban (Other),89,1334,7.000000000000001
T3,I'm still not convinced that climate change is happening,Area Type (Population Density),Small Towns (Accessible),22,357,6
T3,I'm still not convinced that climate change is happening,Area Type (Population Density),Small Towns (Remote),8,122,7.000000000000001
T3,I'm still not convinced that climate change is happening,Area Type (Population Density),Rural (Accessible),32,493,6
T3,I'm still not convinced that climate change is happening,Area Type (Population Density),Rural (Remote),17,240,7.000000000000001
T3,I'm still not convinced that climate change is happening,Energy Hub Area,Yes/Applicable,50,759,7.000000000000001
T3,I'm still not convinced that climate change is happening,Energy Hub Area,No/Not Applicable,173,3311,5
T3,I'm still not convinced that climate change is happening,Flood Risk Area,Yes/Applicable,86,1310,7.000000000000001
T3,I'm still not convinced that climate change is happening,Flood Risk Area,No/Not Applicable,137,2760,5
T3,I'm still not convinced that climate change is happening,Education,No Formal Qualifications,44,576,8
T3,I'm still not convinced that climate change is happening,Education,Other Qualifications,119,1757,7.000000000000001
T3,I'm still not convinced that climate change is happening,Education,Degree or Higher Qualifications,30,1331,2
T3,I'm still not convinced that climate change is happening,Education,Non-graduate,163,2333,7.000000000000001
T3,I'm still not convinced that climate change is happening,Working Status,Employed (FT or PT),104,2231,5
T3,I'm still not convinced that climate change is happening,Working Status,Unemployed,35,687,5
T3,I'm still not convinced that climate change is happening,Working Status,Retired,70,986,7.000000000000001
T3,I'm still not convinced that climate change is happening,Income,"Less than £26,000",72,1188,6
T3,I'm still not convinced that climate change is happening,Income,"From £26,000 to less than £52,000",56,972,6
T3,I'm still not convinced that climate change is happening,Income,"Less than £52,000",128,2160,6
T3,I'm still not convinced that climate change is happening,Income,"£52,000 and above",26,858,3
T3,None of these,Overall Population,Overall Population,94,4071,2
T3,None of these,Biological Sex,Men,58,1876,3
T3,None of these,Biological Sex,Women,28,2080,1
T3,None of these,Age,From 16 to 34,15,1020,1
T3,None of these,Age,From 35 to 54,42,1231,3
T3,None of these,Age,From 55 to 69,20,990,2
T3,None of these,Age,70 and above,11,706,2
T3,None of these,Age,35 and above,73,2926,2
T3,None of these,Age,Under 55,57,2251,3
T3,None of these,Area Type (Population Density),Urban (All),70,3338,2
T3,None of these,Area Type (Population Density),Rural (All),24,733,3
T3,None of these,Area Type (Population Density),Urban (Large),23,1524,2
T3,None of these,Area Type (Population Density),Urban (Other),31,1334,2
T3,None of these,Area Type (Population Density),Small Towns (Accessible),12,357,3
T3,None of these,Area Type (Population Density),Small Towns (Remote),5,122,4
T3,None of these,Area Type (Population Density),Rural (Accessible),14,493,3
T3,None of these,Area Type (Population Density),Rural (Remote),10,240,4
T3,None of these,Energy Hub Area,Yes/Applicable,24,759,3
T3,None of these,Energy Hub Area,No/Not Applicable,70,3311,2
T3,None of these,Flood Risk Area,Yes/Applicable,42,1310,3
T3,None of these,Flood Risk Area,No/Not Applicable,52,2760,2
T3,None of these,Education,No Formal Qualifications,2,576,0
T3,None of these,Education,Other Qualifications,45,1757,3
T3,None of these,Education,Degree or Higher Qualifications,33,1331,2
T3,None of these,Education,Non-graduate,46,2333,2
T3,None of these,Working Status,Employed (FT or PT),50,2231,2
T3,None of these,Working Status,Unemployed,20,687,3
T3,None of these,Working Status,Retired,17,986,2
T3,None of these,Income,"Less than £26,000",17,1188,1
T3,None of these,Income,"From £26,000 to less than £52,000",16,972,2
T3,None of these,Income,"Less than £52,000",33,2160,2
T3,None of these,Income,"£52,000 and above",22,858,3
T3,Don't know,Overall Population,Overall Population,105,4071,3
T3,Don't know,Biological Sex,Men,26,1876,1
T3,Don't know,Biological Sex,Women,69,2080,3
T3,Don't know,Age,From 16 to 34,27,1020,3
T3,Don't know,Age,From 35 to 54,40,1231,3
T3,Don't know,Age,From 55 to 69,20,990,2
T3,Don't know,Age,70 and above,10,706,1
T3,Don't know,Age,35 and above,70,2926,2
T3,Don't know,Age,Under 55,67,2251,3
T3,Don't know,Area Type (Population Density),Urban (All),84,3338,3
T3,Don't know,Area Type (Population Density),Rural (All),21,733,3
T3,Don't know,Area Type (Population Density),Urban (Large),33,1524,2
T3,Don't know,Area Type (Population Density),Urban (Other),37,1334,3
T3,Don't know,Area Type (Population Density),Small Towns (Accessible),8,357,2
T3,Don't know,Area Type (Population Density),Small Towns (Remote),6,122,5
T3,Don't know,Area Type (Population Density),Rural (Accessible),14,493,3
T3,Don't know,Area Type (Population Density),Rural (Remote),7,240,3
T3,Don't know,Energy Hub Area,Yes/Applicable,20,759,3
T3,Don't know,Energy Hub Area,No/Not Applicable,85,3311,3
T3,Don't know,Flood Risk Area,Yes/Applicable,41,1310,3
T3,Don't know,Flood Risk Area,No/Not Applicable,64,2760,2
T3,Don't know,Education,No Formal Qualifications,29,576,5
T3,Don't know,Education,Other Qualifications,49,1757,3
T3,Don't know,Education,Degree or Higher Qualifications,13,1331,1
T3,Don't know,Education,Non-graduate,77,2333,3
T3,Don't know,Working Status,Employed (FT or PT),65,2231,3
T3,Don't know,Working Status,Unemployed,12,687,2
T3,Don't know,Working Status,Retired,15,986,2
T3,Don't know,Income,"Less than £26,000",28,1188,2
T3,Don't know,Income,"From £26,000 to less than £52,000",23,972,2
T3,Don't know,Income,"Less than £52,000",52,2160,2
T3,Don't know,Income,"£52,000 and above",11,858,1
T3,Prefer not to say,Overall Population,Overall Population,17,4071,0
T3,Prefer not to say,Biological Sex,Men,5,1876,0
T3,Prefer not to say,Biological Sex,Women,5,2080,0
T3,Prefer not to say,Age,From 16 to 34,7,1020,1
T3,Prefer not to say,Age,From 35 to 54,4,1231,0
T3,Prefer not to say,Age,From 55 to 69,2,990,0
T3,Prefer not to say,Age,70 and above,1,706,0
T3,Prefer not to say,Age,35 and above,7,2926,0
T3,Prefer not to say,Age,Under 55,10,2251,0
T3,Prefer not to say,Area Type (Population Density),Urban (All),14,3338,0
T3,Prefer not to say,Area Type (Population Density),Rural (All),3,733,0
T3,Prefer not to say,Area Type (Population Density),Urban (Large),2,1524,0
T3,Prefer not to say,Area Type (Population Density),Urban (Other),9,1334,1
T3,Prefer not to say,Area Type (Population Density),Small Towns (Accessible),2,357,1
T3,Prefer not to say,Area Type (Population Density),Small Towns (Remote),NA,122,NA
T3,Prefer not to say,Area Type (Population Density),Rural (Accessible),1,493,0
T3,Prefer not to say,Area Type (Population Density),Rural (Remote),2,240,1
T3,Prefer not to say,Energy Hub Area,Yes/Applicable,6,759,1
T3,Prefer not to say,Energy Hub Area,No/Not Applicable,10,3311,0
T3,Prefer not to say,Flood Risk Area,Yes/Applicable,2,1310,0
T3,Prefer not to say,Flood Risk Area,No/Not Applicable,14,2760,1
T3,Prefer not to say,Education,No Formal Qualifications,NA,576,NA
T3,Prefer not to say,Education,Other Qualifications,8,1757,0
T3,Prefer not to say,Education,Degree or Higher Qualifications,4,1331,0
T3,Prefer not to say,Education,Non-graduate,8,2333,0
T3,Prefer not to say,Working Status,Employed (FT or PT),9,2231,0
T3,Prefer not to say,Working Status,Unemployed,1,687,0
T3,Prefer not to say,Working Status,Retired,2,986,0
T3,Prefer not to say,Income,"Less than £26,000",2,1188,0
T3,Prefer not to say,Income,"From £26,000 to less than £52,000",2,972,0
T3,Prefer not to say,Income,"Less than £52,000",3,2160,0
T3,Prefer not to say,Income,"£52,000 and above",NA,858,NA
T7,"Universities, research organisations or scientists",Overall Population,Overall Population,3014,4076,74
T7,"Universities, research organisations or scientists",Biological Sex,Men,1398,1878,74
T7,"Universities, research organisations or scientists",Biological Sex,Women,1549,2083,74
T7,"Universities, research organisations or scientists",Age,From 16 to 34,791,1020,78
T7,"Universities, research organisations or scientists",Age,From 35 to 54,909,1231,74
T7,"Universities, research organisations or scientists",Age,From 55 to 69,724,991,73
T7,"Universities, research organisations or scientists",Age,70 and above,516,710,73
T7,"Universities, research organisations or scientists",Age,35 and above,2150,2931,73
T7,"Universities, research organisations or scientists",Age,Under 55,1700,2251,76
T7,"Universities, research organisations or scientists",Area Type (Population Density),Urban (All),2458,3343,74
T7,"Universities, research organisations or scientists",Area Type (Population Density),Rural (All),556,733,76
T7,"Universities, research organisations or scientists",Area Type (Population Density),Urban (Large),1169,1525,77
T7,"Universities, research organisations or scientists",Area Type (Population Density),Urban (Other),950,1338,71
T7,"Universities, research organisations or scientists",Area Type (Population Density),Small Towns (Accessible),253,357,71
T7,"Universities, research organisations or scientists",Area Type (Population Density),Small Towns (Remote),85,123,69
T7,"Universities, research organisations or scientists",Area Type (Population Density),Rural (Accessible),373,494,76
T7,"Universities, research organisations or scientists",Area Type (Population Density),Rural (Remote),183,239,77
T7,"Universities, research organisations or scientists",Energy Hub Area,Yes/Applicable,564,759,74
T7,"Universities, research organisations or scientists",Energy Hub Area,No/Not Applicable,2450,3317,74
T7,"Universities, research organisations or scientists",Flood Risk Area,Yes/Applicable,959,1313,73
T7,"Universities, research organisations or scientists",Flood Risk Area,No/Not Applicable,2055,2763,74
T7,"Universities, research organisations or scientists",Education,No Formal Qualifications,343,579,59
T7,"Universities, research organisations or scientists",Education,Other Qualifications,1275,1758,73
T7,"Universities, research organisations or scientists",Education,Degree or Higher Qualifications,1121,1332,84
T7,"Universities, research organisations or scientists",Education,Non-graduate,1618,2337,69
T7,"Universities, research organisations or scientists",Working Status,Employed (FT or PT),1717,2232,77
T7,"Universities, research organisations or scientists",Working Status,Unemployed,464,687,68
T7,"Universities, research organisations or scientists",Working Status,Retired,735,991,74
T7,"Universities, research organisations or scientists",Income,"Less than £26,000",786,1192,66
T7,"Universities, research organisations or scientists",Income,"From £26,000 to less than £52,000",768,973,79
T7,"Universities, research organisations or scientists",Income,"Less than £52,000",1554,2164,72
T7,"Universities, research organisations or scientists",Income,"£52,000 and above",753,859,88
T7,The Scottish Government,Overall Population,Overall Population,1596,4076,39
T7,The Scottish Government,Biological Sex,Men,728,1878,39
T7,The Scottish Government,Biological Sex,Women,842,2083,40
T7,The Scottish Government,Age,From 16 to 34,545,1020,53
T7,The Scottish Government,Age,From 35 to 54,466,1231,38
T7,The Scottish Government,Age,From 55 to 69,367,991,37
T7,The Scottish Government,Age,70 and above,182,710,26
T7,The Scottish Government,Age,35 and above,1015,2931,35
T7,The Scottish Government,Age,Under 55,1012,2251,45
T7,The Scottish Government,Area Type (Population Density),Urban (All),1344,3343,40
T7,The Scottish Government,Area Type (Population Density),Rural (All),252,733,34
T7,The Scottish Government,Area Type (Population Density),Urban (Large),684,1525,45
T7,The Scottish Government,Area Type (Population Density),Urban (Other),504,1338,38
T7,The Scottish Government,Area Type (Population Density),Small Towns (Accessible),118,357,33
T7,The Scottish Government,Area Type (Population Density),Small Towns (Remote),39,123,32
T7,The Scottish Government,Area Type (Population Density),Rural (Accessible),180,494,36
T7,The Scottish Government,Area Type (Population Density),Rural (Remote),72,239,30
T7,The Scottish Government,Energy Hub Area,Yes/Applicable,242,759,32
T7,The Scottish Government,Energy Hub Area,No/Not Applicable,1354,3317,41
T7,The Scottish Government,Flood Risk Area,Yes/Applicable,497,1313,38
T7,The Scottish Government,Flood Risk Area,No/Not Applicable,1099,2763,40
T7,The Scottish Government,Education,No Formal Qualifications,180,579,31
T7,The Scottish Government,Education,Other Qualifications,656,1758,37
T7,The Scottish Government,Education,Degree or Higher Qualifications,623,1332,47
T7,The Scottish Government,Education,Non-graduate,836,2337,36
T7,The Scottish Government,Working Status,Employed (FT or PT),927,2232,42
T7,The Scottish Government,Working Status,Unemployed,321,687,47
T7,The Scottish Government,Working Status,Retired,283,991,28.999999999999996
T7,The Scottish Government,Income,"Less than £26,000",437,1192,37
T7,The Scottish Government,Income,"From £26,000 to less than £52,000",396,973,41
T7,The Scottish Government,Income,"Less than £52,000",833,2164,38
T7,The Scottish Government,Income,"£52,000 and above",433,859,50
T7,Major national charities or third sector organisations,Overall Population,Overall Population,1304,4076,32
T7,Major national charities or third sector organisations,Biological Sex,Men,535,1878,28.000000000000004
T7,Major national charities or third sector organisations,Biological Sex,Women,739,2083,35
T7,Major national charities or third sector organisations,Age,From 16 to 34,481,1020,47
T7,Major national charities or third sector organisations,Age,From 35 to 54,410,1231,33
T7,Major national charities or third sector organisations,Age,From 55 to 69,253,991,26
T7,Major national charities or third sector organisations,Age,70 and above,131,710,18
T7,Major national charities or third sector organisations,Age,35 and above,794,2931,27
T7,Major national charities or third sector organisations,Age,Under 55,891,2251,40
T7,Major national charities or third sector organisations,Area Type (Population Density),Urban (All),1098,3343,33
T7,Major national charities or third sector organisations,Area Type (Population Density),Rural (All),206,733,28.000000000000004
T7,Major national charities or third sector organisations,Area Type (Population Density),Urban (Large),562,1525,37
T7,Major national charities or third sector organisations,Area Type (Population Density),Urban (Other),404,1338,30
T7,Major national charities or third sector organisations,Area Type (Population Density),Small Towns (Accessible),95,357,27
T7,Major national charities or third sector organisations,Area Type (Population Density),Small Towns (Remote),37,123,30
T7,Major national charities or third sector organisations,Area Type (Population Density),Rural (Accessible),134,494,27
T7,Major national charities or third sector organisations,Area Type (Population Density),Rural (Remote),72,239,30
T7,Major national charities or third sector organisations,Energy Hub Area,Yes/Applicable,216,759,28.000000000000004
T7,Major national charities or third sector organisations,Energy Hub Area,No/Not Applicable,1088,3317,33
T7,Major national charities or third sector organisations,Flood Risk Area,Yes/Applicable,384,1313,28.999999999999996
T7,Major national charities or third sector organisations,Flood Risk Area,No/Not Applicable,919,2763,33
T7,Major national charities or third sector organisations,Education,No Formal Qualifications,67,579,12
T7,Major national charities or third sector organisations,Education,Other Qualifications,497,1758,28.000000000000004
T7,Major national charities or third sector organisations,Education,Degree or Higher Qualifications,639,1332,48
T7,Major national charities or third sector organisations,Education,Non-graduate,564,2337,24
T7,Major national charities or third sector organisations,Working Status,Employed (FT or PT),807,2232,36
T7,Major national charities or third sector organisations,Working Status,Unemployed,248,687,36
T7,Major national charities or third sector organisations,Working Status,Retired,199,991,20
T7,Major national charities or third sector organisations,Income,"Less than £26,000",322,1192,27
T7,Major national charities or third sector organisations,Income,"From £26,000 to less than £52,000",356,973,37
T7,Major national charities or third sector organisations,Income,"Less than £52,000",678,2164,31
T7,Major national charities or third sector organisations,Income,"£52,000 and above",389,859,45
T7,The UK Government,Overall Population,Overall Population,1253,4076,31
T7,The UK Government,Biological Sex,Men,601,1878,32
T7,The UK Government,Biological Sex,Women,636,2083,31
T7,The UK Government,Age,From 16 to 34,391,1020,38
T7,The UK Government,Age,From 35 to 54,395,1231,32
T7,The UK Government,Age,From 55 to 69,282,991,28.000000000000004
T7,The UK Government,Age,70 and above,160,710,23
T7,The UK Government,Age,35 and above,837,2931,28.999999999999996
T7,The UK Government,Age,Under 55,786,2251,35
T7,The UK Government,Area Type (Population Density),Urban (All),1053,3343,31
T7,The UK Government,Area Type (Population Density),Rural (All),201,733,27
T7,The UK Government,Area Type (Population Density),Urban (Large),554,1525,36
T7,The UK Government,Area Type (Population Density),Urban (Other),367,1338,27
T7,The UK Government,Area Type (Population Density),Small Towns (Accessible),100,357,28.000000000000004
T7,The UK Government,Area Type (Population Density),Small Towns (Remote),31,123,25
T7,The UK Government,Area Type (Population Density),Rural (Accessible),147,494,30
T7,The UK Government,Area Type (Population Density),Rural (Remote),54,239,23
T7,The UK Government,Energy Hub Area,Yes/Applicable,190,759,25
T7,The UK Government,Energy Hub Area,No/Not Applicable,1063,3317,32
T7,The UK Government,Flood Risk Area,Yes/Applicable,417,1313,32
T7,The UK Government,Flood Risk Area,No/Not Applicable,837,2763,30
T7,The UK Government,Education,No Formal Qualifications,120,579,21
T7,The UK Government,Education,Other Qualifications,504,1758,28.999999999999996
T7,The UK Government,Education,Degree or Higher Qualifications,530,1332,40
T7,The UK Government,Education,Non-graduate,624,2337,27
T7,The UK Government,Working Status,Employed (FT or PT),740,2232,33
T7,The UK Government,Working Status,Unemployed,249,687,36
T7,The UK Government,Working Status,Retired,229,991,23
T7,The UK Government,Income,"Less than £26,000",290,1192,24
T7,The UK Government,Income,"From £26,000 to less than £52,000",302,973,31
T7,The UK Government,Income,"Less than £52,000",593,2164,27
T7,The UK Government,Income,"£52,000 and above",384,859,45
T7,"News media (e.g. TV news, radio, newspapers, magazines and news websites)",Overall Population,Overall Population,1029,4076,25
T7,"News media (e.g. TV news, radio, newspapers, magazines and news websites)",Biological Sex,Men,438,1878,23
T7,"News media (e.g. TV news, radio, newspapers, magazines and news websites)",Biological Sex,Women,567,2083,27
T7,"News media (e.g. TV news, radio, newspapers, magazines and news websites)",Age,From 16 to 34,273,1020,27
T7,"News media (e.g. TV news, radio, newspapers, magazines and news websites)",Age,From 35 to 54,287,1231,23
T7,"News media (e.g. TV news, radio, newspapers, magazines and news websites)",Age,From 55 to 69,249,991,25
T7,"News media (e.g. TV news, radio, newspapers, magazines and news websites)",Age,70 and above,190,710,27
T7,"News media (e.g. TV news, radio, newspapers, magazines and news websites)",Age,35 and above,725,2931,25
T7,"News media (e.g. TV news, radio, newspapers, magazines and news websites)",Age,Under 55,559,2251,25
T7,"News media (e.g. TV news, radio, newspapers, magazines and news websites)",Area Type (Population Density),Urban (All),870,3343,26
T7,"News media (e.g. TV news, radio, newspapers, magazines and news websites)",Area Type (Population Density),Rural (All),159,733,22
T7,"News media (e.g. TV news, radio, newspapers, magazines and news websites)",Area Type (Population Density),Urban (Large),429,1525,28.000000000000004
T7,"News media (e.g. TV news, radio, newspapers, magazines and news websites)",Area Type (Population Density),Urban (Other),333,1338,25
T7,"News media (e.g. TV news, radio, newspapers, magazines and news websites)",Area Type (Population Density),Small Towns (Accessible),84,357,24
T7,"News media (e.g. TV news, radio, newspapers, magazines and news websites)",Area Type (Population Density),Small Towns (Remote),25,123,20
T7,"News media (e.g. TV news, radio, newspapers, magazines and news websites)",Area Type (Population Density),Rural (Accessible),106,494,21
T7,"News media (e.g. TV news, radio, newspapers, magazines and news websites)",Area Type (Population Density),Rural (Remote),52,239,22
T7,"News media (e.g. TV news, radio, newspapers, magazines and news websites)",Energy Hub Area,Yes/Applicable,170,759,22
T7,"News media (e.g. TV news, radio, newspapers, magazines and news websites)",Energy Hub Area,No/Not Applicable,859,3317,26
T7,"News media (e.g. TV news, radio, newspapers, magazines and news websites)",Flood Risk Area,Yes/Applicable,325,1313,25
T7,"News media (e.g. TV news, radio, newspapers, magazines and news websites)",Flood Risk Area,No/Not Applicable,704,2763,25
T7,"News media (e.g. TV news, radio, newspapers, magazines and news websites)",Education,No Formal Qualifications,142,579,25
T7,"News media (e.g. TV news, radio, newspapers, magazines and news websites)",Education,Other Qualifications,406,1758,23
T7,"News media (e.g. TV news, radio, newspapers, magazines and news websites)",Education,Degree or Higher Qualifications,394,1332,30
T7,"News media (e.g. TV news, radio, newspapers, magazines and news websites)",Education,Non-graduate,548,2337,23
T7,"News media (e.g. TV news, radio, newspapers, magazines and news websites)",Working Status,Employed (FT or PT),521,2232,23
T7,"News media (e.g. TV news, radio, newspapers, magazines and news websites)",Working Status,Unemployed,198,687,28.999999999999996
T7,"News media (e.g. TV news, radio, newspapers, magazines and news websites)",Working Status,Retired,270,991,27
T7,"News media (e.g. TV news, radio, newspapers, magazines and news websites)",Income,"Less than £26,000",307,1192,26
T7,"News media (e.g. TV news, radio, newspapers, magazines and news websites)",Income,"From £26,000 to less than £52,000",253,973,26
T7,"News media (e.g. TV news, radio, newspapers, magazines and news websites)",Income,"Less than £52,000",560,2164,26
T7,"News media (e.g. TV news, radio, newspapers, magazines and news websites)",Income,"£52,000 and above",227,859,26
T7,Your local authority / council,Overall Population,Overall Population,692,4076,17
T7,Your local authority / council,Biological Sex,Men,309,1878,16
T7,Your local authority / council,Biological Sex,Women,372,2083,18
T7,Your local authority / council,Age,From 16 to 34,271,1020,27
T7,Your local authority / council,Age,From 35 to 54,210,1231,17
T7,Your local authority / council,Age,From 55 to 69,143,991,14.000000000000002
T7,Your local authority / council,Age,70 and above,59,710,8
T7,Your local authority / council,Age,35 and above,412,2931,14.000000000000002
T7,Your local authority / council,Age,Under 55,481,2251,21
T7,Your local authority / council,Area Type (Population Density),Urban (All),585,3343,17
T7,Your local authority / council,Area Type (Population Density),Rural (All),107,733,15
T7,Your local authority / council,Area Type (Population Density),Urban (Large),302,1525,20
T7,Your local authority / council,Area Type (Population Density),Urban (Other),201,1338,15
T7,Your local authority / council,Area Type (Population Density),Small Towns (Accessible),60,357,17
T7,Your local authority / council,Area Type (Population Density),Small Towns (Remote),22,123,18
T7,Your local authority / council,Area Type (Population Density),Rural (Accessible),70,494,14.000000000000002
T7,Your local authority / council,Area Type (Population Density),Rural (Remote),38,239,16
T7,Your local authority / council,Energy Hub Area,Yes/Applicable,106,759,14.000000000000002
T7,Your local authority / council,Energy Hub Area,No/Not Applicable,586,3317,18
T7,Your local authority / council,Flood Risk Area,Yes/Applicable,225,1313,17
T7,Your local authority / council,Flood Risk Area,No/Not Applicable,467,2763,17
T7,Your local authority / council,Education,No Formal Qualifications,53,579,9
T7,Your local authority / council,Education,Other Qualifications,284,1758,16
T7,Your local authority / council,Education,Degree or Higher Qualifications,302,1332,23
T7,Your local authority / council,Education,Non-graduate,338,2337,14.000000000000002
T7,Your local authority / council,Working Status,Employed (FT or PT),425,2232,19
T7,Your local authority / council,Working Status,Unemployed,147,687,21
T7,Your local authority / council,Working Status,Retired,89,991,9
T7,Your local authority / council,Income,"Less than £26,000",181,1192,15
T7,Your local authority / council,Income,"From £26,000 to less than £52,000",171,973,18
T7,Your local authority / council,Income,"Less than £52,000",351,2164,16
T7,Your local authority / council,Income,"£52,000 and above",211,859,25
T7,"Your friends, family or work colleagues",Overall Population,Overall Population,411,4076,10
T7,"Your friends, family or work colleagues",Biological Sex,Men,159,1878,8
T7,"Your friends, family or work colleagues",Biological Sex,Women,242,2083,12
T7,"Your friends, family or work colleagues",Age,From 16 to 34,141,1020,14.000000000000002
T7,"Your friends, family or work colleagues",Age,From 35 to 54,136,1231,11
T7,"Your friends, family or work colleagues",Age,From 55 to 69,83,991,8
T7,"Your friends, family or work colleagues",Age,70 and above,41,710,6
T7,"Your friends, family or work colleagues",Age,35 and above,260,2931,9
T7,"Your friends, family or work colleagues",Age,Under 55,277,2251,12
T7,"Your friends, family or work colleagues",Area Type (Population Density),Urban (All),351,3343,10
T7,"Your friends, family or work colleagues",Area Type (Population Density),Rural (All),60,733,8
T7,"Your friends, family or work colleagues",Area Type (Population Density),Urban (Large),185,1525,12
T7,"Your friends, family or work colleagues",Area Type (Population Density),Urban (Other),123,1338,9
T7,"Your friends, family or work colleagues",Area Type (Population Density),Small Towns (Accessible),31,357,9
T7,"Your friends, family or work colleagues",Area Type (Population Density),Small Towns (Remote),13,123,11
T7,"Your friends, family or work colleagues",Area Type (Population Density),Rural (Accessible),44,494,9
T7,"Your friends, family or work colleagues",Area Type (Population Density),Rural (Remote),16,239,7.000000000000001
T7,"Your friends, family or work colleagues",Energy Hub Area,Yes/Applicable,77,759,10
T7,"Your friends, family or work colleagues",Energy Hub Area,No/Not Applicable,335,3317,10
T7,"Your friends, family or work colleagues",Flood Risk Area,Yes/Applicable,126,1313,10
T7,"Your friends, family or work colleagues",Flood Risk Area,No/Not Applicable,285,2763,10
T7,"Your friends, family or work colleagues",Education,No Formal Qualifications,37,579,6
T7,"Your friends, family or work colleagues",Education,Other Qualifications,153,1758,9
T7,"Your friends, family or work colleagues",Education,Degree or Higher Qualifications,171,1332,13
T7,"Your friends, family or work colleagues",Education,Non-graduate,190,2337,8
T7,"Your friends, family or work colleagues",Working Status,Employed (FT or PT),254,2232,11
T7,"Your friends, family or work colleagues",Working Status,Unemployed,85,687,12
T7,"Your friends, family or work colleagues",Working Status,Retired,57,991,6
T7,"Your friends, family or work colleagues",Income,"Less than £26,000",129,1192,11
T7,"Your friends, family or work colleagues",Income,"From £26,000 to less than £52,000",106,973,11
T7,"Your friends, family or work colleagues",Income,"Less than £52,000",236,2164,11
T7,"Your friends, family or work colleagues",Income,"£52,000 and above",95,859,11
T7,Local community groups,Overall Population,Overall Population,399,4076,10
T7,Local community groups,Biological Sex,Men,153,1878,8
T7,Local community groups,Biological Sex,Women,232,2083,11
T7,Local community groups,Age,From 16 to 34,140,1020,14.000000000000002
T7,Local community groups,Age,From 35 to 54,131,1231,11
T7,Local community groups,Age,From 55 to 69,79,991,8
T7,Local community groups,Age,70 and above,38,710,5
T7,Local community groups,Age,35 and above,248,2931,8
T7,Local community groups,Age,Under 55,271,2251,12
T7,Local community groups,Area Type (Population Density),Urban (All),343,3343,10
T7,Local community groups,Area Type (Population Density),Rural (All),56,733,8
T7,Local community groups,Area Type (Population Density),Urban (Large),175,1525,11
T7,Local community groups,Area Type (Population Density),Urban (Other),121,1338,9
T7,Local community groups,Area Type (Population Density),Small Towns (Accessible),33,357,9
T7,Local community groups,Area Type (Population Density),Small Towns (Remote),12,123,10
T7,Local community groups,Area Type (Population Density),Rural (Accessible),35,494,7.000000000000001
T7,Local community groups,Area Type (Population Density),Rural (Remote),22,239,9
T7,Local community groups,Energy Hub Area,Yes/Applicable,64,759,8
T7,Local community groups,Energy Hub Area,No/Not Applicable,335,3317,10
T7,Local community groups,Flood Risk Area,Yes/Applicable,126,1313,10
T7,Local community groups,Flood Risk Area,No/Not Applicable,273,2763,10
T7,Local community groups,Education,No Formal Qualifications,39,579,7.000000000000001
T7,Local community groups,Education,Other Qualifications,152,1758,9
T7,Local community groups,Education,Degree or Higher Qualifications,158,1332,12
T7,Local community groups,Education,Non-graduate,191,2337,8
T7,Local community groups,Working Status,Employed (FT or PT),243,2232,11
T7,Local community groups,Working Status,Unemployed,83,687,12
T7,Local community groups,Working Status,Retired,54,991,5
T7,Local community groups,Income,"Less than £26,000",120,1192,10
T7,Local community groups,Income,"From £26,000 to less than £52,000",105,973,11
T7,Local community groups,Income,"Less than £52,000",225,2164,10
T7,Local community groups,Income,"£52,000 and above",77,859,9
T7,"People on social media (e.g. Facebook, X (formerly Twitter), TikTok, Instagram)",Overall Population,Overall Population,163,4076,4
T7,"People on social media (e.g. Facebook, X (formerly Twitter), TikTok, Instagram)",Biological Sex,Men,61,1878,3
T7,"People on social media (e.g. Facebook, X (formerly Twitter), TikTok, Instagram)",Biological Sex,Women,101,2083,5
T7,"People on social media (e.g. Facebook, X (formerly Twitter), TikTok, Instagram)",Age,From 16 to 34,84,1020,8
T7,"People on social media (e.g. Facebook, X (formerly Twitter), TikTok, Instagram)",Age,From 35 to 54,34,1231,3
T7,"People on social media (e.g. Facebook, X (formerly Twitter), TikTok, Instagram)",Age,From 55 to 69,31,991,3
T7,"People on social media (e.g. Facebook, X (formerly Twitter), TikTok, Instagram)",Age,70 and above,10,710,1
T7,"People on social media (e.g. Facebook, X (formerly Twitter), TikTok, Instagram)",Age,35 and above,75,2931,3
T7,"People on social media (e.g. Facebook, X (formerly Twitter), TikTok, Instagram)",Age,Under 55,118,2251,5
T7,"People on social media (e.g. Facebook, X (formerly Twitter), TikTok, Instagram)",Area Type (Population Density),Urban (All),148,3343,4
T7,"People on social media (e.g. Facebook, X (formerly Twitter), TikTok, Instagram)",Area Type (Population Density),Rural (All),15,733,2
T7,"People on social media (e.g. Facebook, X (formerly Twitter), TikTok, Instagram)",Area Type (Population Density),Urban (Large),82,1525,5
T7,"People on social media (e.g. Facebook, X (formerly Twitter), TikTok, Instagram)",Area Type (Population Density),Urban (Other),53,1338,4
T7,"People on social media (e.g. Facebook, X (formerly Twitter), TikTok, Instagram)",Area Type (Population Density),Small Towns (Accessible),9,357,3
T7,"People on social media (e.g. Facebook, X (formerly Twitter), TikTok, Instagram)",Area Type (Population Density),Small Towns (Remote),4,123,3
T7,"People on social media (e.g. Facebook, X (formerly Twitter), TikTok, Instagram)",Area Type (Population Density),Rural (Accessible),11,494,2
T7,"People on social media (e.g. Facebook, X (formerly Twitter), TikTok, Instagram)",Area Type (Population Density),Rural (Remote),4,239,2
T7,"People on social media (e.g. Facebook, X (formerly Twitter), TikTok, Instagram)",Energy Hub Area,Yes/Applicable,20,759,3
T7,"People on social media (e.g. Facebook, X (formerly Twitter), TikTok, Instagram)",Energy Hub Area,No/Not Applicable,144,3317,4
T7,"People on social media (e.g. Facebook, X (formerly Twitter), TikTok, Instagram)",Flood Risk Area,Yes/Applicable,58,1313,4
T7,"People on social media (e.g. Facebook, X (formerly Twitter), TikTok, Instagram)",Flood Risk Area,No/Not Applicable,106,2763,4
T7,"People on social media (e.g. Facebook, X (formerly Twitter), TikTok, Instagram)",Education,No Formal Qualifications,21,579,4
T7,"People on social media (e.g. Facebook, X (formerly Twitter), TikTok, Instagram)",Education,Other Qualifications,89,1758,5
T7,"People on social media (e.g. Facebook, X (formerly Twitter), TikTok, Instagram)",Education,Degree or Higher Qualifications,43,1332,3
T7,"People on social media (e.g. Facebook, X (formerly Twitter), TikTok, Instagram)",Education,Non-graduate,110,2337,5
T7,"People on social media (e.g. Facebook, X (formerly Twitter), TikTok, Instagram)",Working Status,Employed (FT or PT),98,2232,4
T7,"People on social media (e.g. Facebook, X (formerly Twitter), TikTok, Instagram)",Working Status,Unemployed,42,687,6
T7,"People on social media (e.g. Facebook, X (formerly Twitter), TikTok, Instagram)",Working Status,Retired,13,991,1
T7,"People on social media (e.g. Facebook, X (formerly Twitter), TikTok, Instagram)",Income,"Less than £26,000",64,1192,5
T7,"People on social media (e.g. Facebook, X (formerly Twitter), TikTok, Instagram)",Income,"From £26,000 to less than £52,000",38,973,4
T7,"People on social media (e.g. Facebook, X (formerly Twitter), TikTok, Instagram)",Income,"Less than £52,000",101,2164,5
T7,"People on social media (e.g. Facebook, X (formerly Twitter), TikTok, Instagram)",Income,"£52,000 and above",26,859,3
T7,Businesses / private companies,Overall Population,Overall Population,162,4076,4
T7,Businesses / private companies,Biological Sex,Men,75,1878,4
T7,Businesses / private companies,Biological Sex,Women,83,2083,4
T7,Businesses / private companies,Age,From 16 to 34,55,1020,5
T7,Businesses / private companies,Age,From 35 to 54,45,1231,4
T7,Businesses / private companies,Age,From 55 to 69,44,991,4
T7,Businesses / private companies,Age,70 and above,16,710,2
T7,Businesses / private companies,Age,35 and above,106,2931,4
T7,Businesses / private companies,Age,Under 55,100,2251,4
T7,Businesses / private companies,Area Type (Population Density),Urban (All),139,3343,4
T7,Businesses / private companies,Area Type (Population Density),Rural (All),23,733,3
T7,Businesses / private companies,Area Type (Population Density),Urban (Large),66,1525,4
T7,Businesses / private companies,Area Type (Population Density),Urban (Other),51,1338,4
T7,Businesses / private companies,Area Type (Population Density),Small Towns (Accessible),19,357,5
T7,Businesses / private companies,Area Type (Population Density),Small Towns (Remote),2,123,2
T7,Businesses / private companies,Area Type (Population Density),Rural (Accessible),16,494,3
T7,Businesses / private companies,Area Type (Population Density),Rural (Remote),7,239,3
T7,Businesses / private companies,Energy Hub Area,Yes/Applicable,26,759,3
T7,Businesses / private companies,Energy Hub Area,No/Not Applicable,136,3317,4
T7,Businesses / private companies,Flood Risk Area,Yes/Applicable,42,1313,3
T7,Businesses / private companies,Flood Risk Area,No/Not Applicable,120,2763,4
T7,Businesses / private companies,Education,No Formal Qualifications,16,579,3
T7,Businesses / private companies,Education,Other Qualifications,63,1758,4
T7,Businesses / private companies,Education,Degree or Higher Qualifications,72,1332,5
T7,Businesses / private companies,Education,Non-graduate,79,2337,3
T7,Businesses / private companies,Working Status,Employed (FT or PT),113,2232,5
T7,Businesses / private companies,Working Status,Unemployed,22,687,3
T7,Businesses / private companies,Working Status,Retired,19,991,2
T7,Businesses / private companies,Income,"Less than £26,000",29,1192,2
T7,Businesses / private companies,Income,"From £26,000 to less than £52,000",31,973,3
T7,Businesses / private companies,Income,"Less than £52,000",60,2164,3
T7,Businesses / private companies,Income,"£52,000 and above",60,859,7.000000000000001
T7,None of these,Overall Population,Overall Population,251,4076,6
T7,None of these,Biological Sex,Men,162,1878,9
T7,None of these,Biological Sex,Women,69,2083,3
T7,None of these,Age,From 16 to 34,29,1020,3
T7,None of these,Age,From 35 to 54,90,1231,7.000000000000001
T7,None of these,Age,From 55 to 69,64,991,6
T7,None of these,Age,70 and above,46,710,6
T7,None of these,Age,35 and above,200,2931,7.000000000000001
T7,None of these,Age,Under 55,119,2251,5
T7,None of these,Area Type (Population Density),Urban (All),187,3343,6
T7,None of these,Area Type (Population Density),Rural (All),64,733,9
T7,None of these,Area Type (Population Density),Urban (Large),75,1525,5
T7,None of these,Area Type (Population Density),Urban (Other),75,1338,6
T7,None of these,Area Type (Population Density),Small Towns (Accessible),23,357,6
T7,None of these,Area Type (Population Density),Small Towns (Remote),14,123,11
T7,None of these,Area Type (Population Density),Rural (Accessible),44,494,9
T7,None of these,Area Type (Population Density),Rural (Remote),20,239,8
T7,None of these,Energy Hub Area,Yes/Applicable,51,759,7.000000000000001
T7,None of these,Energy Hub Area,No/Not Applicable,200,3317,6
T7,None of these,Flood Risk Area,Yes/Applicable,75,1313,6
T7,None of these,Flood Risk Area,No/Not Applicable,176,2763,6
T7,None of these,Education,No Formal Qualifications,39,579,7.000000000000001
T7,None of these,Education,Other Qualifications,122,1758,7.000000000000001
T7,None of these,Education,Degree or Higher Qualifications,61,1332,5
T7,None of these,Education,Non-graduate,161,2337,7.000000000000001
T7,None of these,Working Status,Employed (FT or PT),135,2232,6
T7,None of these,Working Status,Unemployed,33,687,5
T7,None of these,Working Status,Retired,62,991,6
T7,None of these,Income,"Less than £26,000",72,1192,6
T7,None of these,Income,"From £26,000 to less than £52,000",45,973,5
T7,None of these,Income,"Less than £52,000",117,2164,5
T7,None of these,Income,"£52,000 and above",27,859,3
T7,Don't know,Overall Population,Overall Population,119,4076,3
T7,Don't know,Biological Sex,Men,40,1878,2
T7,Don't know,Biological Sex,Women,77,2083,4
T7,Don't know,Age,From 16 to 34,28,1020,3
T7,Don't know,Age,From 35 to 54,35,1231,3
T7,Don't know,Age,From 55 to 69,22,991,2
T7,Don't know,Age,70 and above,27,710,4
T7,Don't know,Age,35 and above,84,2931,3
T7,Don't know,Age,Under 55,63,2251,3
T7,Don't know,Area Type (Population Density),Urban (All),102,3343,3
T7,Don't know,Area Type (Population Density),Rural (All),17,733,2
T7,Don't know,Area Type (Population Density),Urban (Large),32,1525,2
T7,Don't know,Area Type (Population Density),Urban (Other),44,1338,3
T7,Don't know,Area Type (Population Density),Small Towns (Accessible),16,357,4
T7,Don't know,Area Type (Population Density),Small Towns (Remote),9,123,7.000000000000001
T7,Don't know,Area Type (Population Density),Rural (Accessible),9,494,2
T7,Don't know,Area Type (Population Density),Rural (Remote),8,239,3
T7,Don't know,Energy Hub Area,Yes/Applicable,40,759,5
T7,Don't know,Energy Hub Area,No/Not Applicable,79,3317,2
T7,Don't know,Flood Risk Area,Yes/Applicable,43,1313,3
T7,Don't know,Flood Risk Area,No/Not Applicable,76,2763,3
T7,Don't know,Education,No Formal Qualifications,36,579,6
T7,Don't know,Education,Other Qualifications,55,1758,3
T7,Don't know,Education,Degree or Higher Qualifications,20,1332,2
T7,Don't know,Education,Non-graduate,91,2337,4
T7,Don't know,Working Status,Employed (FT or PT),60,2232,3
T7,Don't know,Working Status,Unemployed,20,687,3
T7,Don't know,Working Status,Retired,34,991,3
T7,Don't know,Income,"Less than £26,000",43,1192,4
T7,Don't know,Income,"From £26,000 to less than £52,000",25,973,3
T7,Don't know,Income,"Less than £52,000",68,2164,3
T7,Don't know,Income,"£52,000 and above",9,859,1
T7,Prefer not to say,Overall Population,Overall Population,10,4076,0
T7,Prefer not to say,Biological Sex,Men,3,1878,0
T7,Prefer not to say,Biological Sex,Women,2,2083,0
T7,Prefer not to say,Age,From 16 to 34,1,1020,0
T7,Prefer not to say,Age,From 35 to 54,4,1231,0
T7,Prefer not to say,Age,From 55 to 69,1,991,0
T7,Prefer not to say,Age,70 and above,NA,710,NA
T7,Prefer not to say,Age,35 and above,5,2931,0
T7,Prefer not to say,Age,Under 55,6,2251,0
T7,Prefer not to say,Area Type (Population Density),Urban (All),8,3343,0
T7,Prefer not to say,Area Type (Population Density),Rural (All),1,733,0
T7,Prefer not to say,Area Type (Population Density),Urban (Large),2,1525,0
T7,Prefer not to say,Area Type (Population Density),Urban (Other),3,1338,0
T7,Prefer not to say,Area Type (Population Density),Small Towns (Accessible),3,357,1
T7,Prefer not to say,Area Type (Population Density),Small Towns (Remote),NA,123,NA
T7,Prefer not to say,Area Type (Population Density),Rural (Accessible),NA,494,NA
T7,Prefer not to say,Area Type (Population Density),Rural (Remote),1,239,0
T7,Prefer not to say,Energy Hub Area,Yes/Applicable,NA,759,NA
T7,Prefer not to say,Energy Hub Area,No/Not Applicable,9,3317,0
T7,Prefer not to say,Flood Risk Area,Yes/Applicable,3,1313,0
T7,Prefer not to say,Flood Risk Area,No/Not Applicable,7,2763,0
T7,Prefer not to say,Education,No Formal Qualifications,NA,579,NA
T7,Prefer not to say,Education,Other Qualifications,4,1758,0
T7,Prefer not to say,Education,Degree or Higher Qualifications,1,1332,0
T7,Prefer not to say,Education,Non-graduate,4,2337,0
T7,Prefer not to say,Working Status,Employed (FT or PT),2,2232,0
T7,Prefer not to say,Working Status,Unemployed,2,687,0
T7,Prefer not to say,Working Status,Retired,NA,991,NA
T7,Prefer not to say,Income,"Less than £26,000",3,1192,0
T7,Prefer not to say,Income,"From £26,000 to less than £52,000",2,973,0
T7,Prefer not to say,Income,"Less than £52,000",5,2164,0
T7,Prefer not to say,Income,"£52,000 and above",NA,859,NA
T11,Constantly,Overall Population,Overall Population,78,4055,2
T11,Constantly,Biological Sex,Men,43,1865,2
T11,Constantly,Biological Sex,Women,35,2079,2
T11,Constantly,Age,From 16 to 34,21,1020,2
T11,Constantly,Age,From 35 to 54,23,1225,2
T11,Constantly,Age,From 55 to 69,17,986,2
T11,Constantly,Age,70 and above,17,702,2
T11,Constantly,Age,35 and above,57,2913,2
T11,Constantly,Age,Under 55,45,2246,2
T11,Constantly,Area Type (Population Density),Urban (All),66,3326,2
T11,Constantly,Area Type (Population Density),Rural (All),13,730,2
T11,Constantly,Area Type (Population Density),Urban (Large),41,1516,3
T11,Constantly,Area Type (Population Density),Urban (Other),21,1328,2
T11,Constantly,Area Type (Population Density),Small Towns (Accessible),3,358,1
T11,Constantly,Area Type (Population Density),Small Towns (Remote),2,124,2
T11,Constantly,Area Type (Population Density),Rural (Accessible),10,492,2
T11,Constantly,Area Type (Population Density),Rural (Remote),3,238,1
T11,Constantly,Energy Hub Area,Yes/Applicable,7,757,1
T11,Constantly,Energy Hub Area,No/Not Applicable,71,3298,2
T11,Constantly,Flood Risk Area,Yes/Applicable,25,1307,2
T11,Constantly,Flood Risk Area,No/Not Applicable,54,2749,2
T11,Constantly,Education,No Formal Qualifications,15,574,3
T11,Constantly,Education,Other Qualifications,36,1748,2
T11,Constantly,Education,Degree or Higher Qualifications,25,1329,2
T11,Constantly,Education,Non-graduate,51,2322,2
T11,Constantly,Working Status,Employed (FT or PT),42,2229,2
T11,Constantly,Working Status,Unemployed,11,683,2
T11,Constantly,Working Status,Retired,24,977,2
T11,Constantly,Income,"Less than £26,000",46,1181,4
T11,Constantly,Income,"From £26,000 to less than £52,000",11,969,1
T11,Constantly,Income,"Less than £52,000",57,2150,3
T11,Constantly,Income,"£52,000 and above",4,858,0
T11,Often,Overall Population,Overall Population,381,4055,9
T11,Often,Biological Sex,Men,159,1865,9
T11,Often,Biological Sex,Women,212,2079,10
T11,Often,Age,From 16 to 34,80,1020,8
T11,Often,Age,From 35 to 54,93,1225,8
T11,Often,Age,From 55 to 69,99,986,10
T11,Often,Age,70 and above,98,702,14.000000000000002
T11,Often,Age,35 and above,290,2913,10
T11,Often,Age,Under 55,173,2246,8
T11,Often,Area Type (Population Density),Urban (All),315,3326,9
T11,Often,Area Type (Population Density),Rural (All),67,730,9
T11,Often,Area Type (Population Density),Urban (Large),141,1516,9
T11,Often,Area Type (Population Density),Urban (Other),131,1328,10
T11,Often,Area Type (Population Density),Small Towns (Accessible),30,358,8
T11,Often,Area Type (Population Density),Small Towns (Remote),12,124,10
T11,Often,Area Type (Population Density),Rural (Accessible),39,492,8
T11,Often,Area Type (Population Density),Rural (Remote),28,238,12
T11,Often,Energy Hub Area,Yes/Applicable,62,757,8
T11,Often,Energy Hub Area,No/Not Applicable,319,3298,10
T11,Often,Flood Risk Area,Yes/Applicable,105,1307,8
T11,Often,Flood Risk Area,No/Not Applicable,276,2749,10
T11,Often,Education,No Formal Qualifications,70,574,12
T11,Often,Education,Other Qualifications,158,1748,9
T11,Often,Education,Degree or Higher Qualifications,113,1329,9
T11,Often,Education,Non-graduate,228,2322,10
T11,Often,Working Status,Employed (FT or PT),179,2229,8
T11,Often,Working Status,Unemployed,72,683,11
T11,Often,Working Status,Retired,118,977,12
T11,Often,Income,"Less than £26,000",155,1181,13
T11,Often,Income,"From £26,000 to less than £52,000",77,969,8
T11,Often,Income,"Less than £52,000",232,2150,11
T11,Often,Income,"£52,000 and above",63,858,7.000000000000001
T11,Sometimes,Overall Population,Overall Population,1354,4055,33
T11,Sometimes,Biological Sex,Men,543,1865,28.999999999999996
T11,Sometimes,Biological Sex,Women,775,2079,37
T11,Sometimes,Age,From 16 to 34,336,1020,33
T11,Sometimes,Age,From 35 to 54,365,1225,30
T11,Sometimes,Age,From 55 to 69,329,986,33
T11,Sometimes,Age,70 and above,282,702,40
T11,Sometimes,Age,35 and above,976,2913,34
T11,Sometimes,Age,Under 55,700,2246,31
T11,Sometimes,Area Type (Population Density),Urban (All),1143,3326,34
T11,Sometimes,Area Type (Population Density),Rural (All),212,730,28.999999999999996
T11,Sometimes,Area Type (Population Density),Urban (Large),532,1516,35
T11,Sometimes,Area Type (Population Density),Urban (Other),468,1328,35
T11,Sometimes,Area Type (Population Density),Small Towns (Accessible),106,358,30
T11,Sometimes,Area Type (Population Density),Small Towns (Remote),37,124,30
T11,Sometimes,Area Type (Population Density),Rural (Accessible),141,492,28.999999999999996
T11,Sometimes,Area Type (Population Density),Rural (Remote),71,238,30
T11,Sometimes,Energy Hub Area,Yes/Applicable,233,757,31
T11,Sometimes,Energy Hub Area,No/Not Applicable,1121,3298,34
T11,Sometimes,Flood Risk Area,Yes/Applicable,428,1307,33
T11,Sometimes,Flood Risk Area,No/Not Applicable,926,2749,34
T11,Sometimes,Education,No Formal Qualifications,239,574,42
T11,Sometimes,Education,Other Qualifications,551,1748,32
T11,Sometimes,Education,Degree or Higher Qualifications,433,1329,33
T11,Sometimes,Education,Non-graduate,789,2322,34
T11,Sometimes,Working Status,Employed (FT or PT),681,2229,31
T11,Sometimes,Working Status,Unemployed,236,683,35
T11,Sometimes,Working Status,Retired,370,977,38
T11,Sometimes,Income,"Less than £26,000",438,1181,37
T11,Sometimes,Income,"From £26,000 to less than £52,000",326,969,34
T11,Sometimes,Income,"Less than £52,000",764,2150,36
T11,Sometimes,Income,"£52,000 and above",214,858,25
T11,Rarely,Overall Population,Overall Population,1163,4055,28.999999999999996
T11,Rarely,Biological Sex,Men,526,1865,28.000000000000004
T11,Rarely,Biological Sex,Women,612,2079,28.999999999999996
T11,Rarely,Age,From 16 to 34,307,1020,30
T11,Rarely,Age,From 35 to 54,381,1225,31
T11,Rarely,Age,From 55 to 69,285,986,28.999999999999996
T11,Rarely,Age,70 and above,167,702,24
T11,Rarely,Age,35 and above,832,2913,28.999999999999996
T11,Rarely,Age,Under 55,687,2246,31
T11,Rarely,Area Type (Population Density),Urban (All),948,3326,28.999999999999996
T11,Rarely,Area Type (Population Density),Rural (All),215,730,28.999999999999996
T11,Rarely,Area Type (Population Density),Urban (Large),466,1516,31
T11,Rarely,Area Type (Population Density),Urban (Other),340,1328,26
T11,Rarely,Area Type (Population Density),Small Towns (Accessible),115,358,32
T11,Rarely,Area Type (Population Density),Small Towns (Remote),27,124,22
T11,Rarely,Area Type (Population Density),Rural (Accessible),147,492,30
T11,Rarely,Area Type (Population Density),Rural (Remote),68,238,28.999999999999996
T11,Rarely,Energy Hub Area,Yes/Applicable,234,757,31
T11,Rarely,Energy Hub Area,No/Not Applicable,930,3298,28.000000000000004
T11,Rarely,Flood Risk Area,Yes/Applicable,378,1307,28.999999999999996
T11,Rarely,Flood Risk Area,No/Not Applicable,785,2749,28.999999999999996
T11,Rarely,Education,No Formal Qualifications,115,574,20
T11,Rarely,Education,Other Qualifications,489,1748,28.000000000000004
T11,Rarely,Education,Degree or Higher Qualifications,440,1329,33
T11,Rarely,Education,Non-graduate,604,2322,26
T11,Rarely,Working Status,Employed (FT or PT),667,2229,30
T11,Rarely,Working Status,Unemployed,209,683,31
T11,Rarely,Working Status,Retired,258,977,26
T11,Rarely,Income,"Less than £26,000",282,1181,24
T11,Rarely,Income,"From £26,000 to less than £52,000",304,969,31
T11,Rarely,Income,"Less than £52,000",586,2150,27
T11,Rarely,Income,"£52,000 and above",305,858,36
T11,Never,Overall Population,Overall Population,973,4055,24
T11,Never,Biological Sex,Men,560,1865,30
T11,Never,Biological Sex,Women,385,2079,19
T11,Never,Age,From 16 to 34,257,1020,25
T11,Never,Age,From 35 to 54,328,1225,27
T11,Never,Age,From 55 to 69,234,986,24
T11,Never,Age,70 and above,118,702,17
T11,Never,Age,35 and above,681,2913,23
T11,Never,Age,Under 55,586,2246,26
T11,Never,Area Type (Population Density),Urban (All),768,3326,23
T11,Never,Area Type (Population Density),Rural (All),205,730,28.000000000000004
T11,Never,Area Type (Population Density),Urban (Large),308,1516,20
T11,Never,Area Type (Population Density),Urban (Other),324,1328,24
T11,Never,Area Type (Population Density),Small Towns (Accessible),93,358,26
T11,Never,Area Type (Population Density),Small Towns (Remote),43,124,35
T11,Never,Area Type (Population Density),Rural (Accessible),149,492,30
T11,Never,Area Type (Population Density),Rural (Remote),56,238,24
T11,Never,Energy Hub Area,Yes/Applicable,212,757,28.000000000000004
T11,Never,Energy Hub Area,No/Not Applicable,761,3298,23
T11,Never,Flood Risk Area,Yes/Applicable,332,1307,25
T11,Never,Flood Risk Area,No/Not Applicable,642,2749,23
T11,Never,Education,No Formal Qualifications,108,574,19
T11,Never,Education,Other Qualifications,482,1748,28.000000000000004
T11,Never,Education,Degree or Higher Qualifications,300,1329,23
T11,Never,Education,Non-graduate,589,2322,25
T11,Never,Working Status,Employed (FT or PT),608,2229,27
T11,Never,Working Status,Unemployed,134,683,20
T11,Never,Working Status,Retired,184,977,19
T11,Never,Income,"Less than £26,000",219,1181,19
T11,Never,Income,"From £26,000 to less than £52,000",237,969,24
T11,Never,Income,"Less than £52,000",456,2150,21
T11,Never,Income,"£52,000 and above",266,858,31
T11,Don't know,Overall Population,Overall Population,91,4055,2
T11,Don't know,Biological Sex,Men,31,1865,2
T11,Don't know,Biological Sex,Women,57,2079,3
T11,Don't know,Age,From 16 to 34,17,1020,2
T11,Don't know,Age,From 35 to 54,31,1225,3
T11,Don't know,Age,From 55 to 69,21,986,2
T11,Don't know,Age,70 and above,19,702,3
T11,Don't know,Age,35 and above,71,2913,2
T11,Don't know,Age,Under 55,48,2246,2
T11,Don't know,Area Type (Population Density),Urban (All),75,3326,2
T11,Don't know,Area Type (Population Density),Rural (All),16,730,2
T11,Don't know,Area Type (Population Density),Urban (Large),26,1516,2
T11,Don't know,Area Type (Population Density),Urban (Other),36,1328,3
T11,Don't know,Area Type (Population Density),Small Towns (Accessible),10,358,3
T11,Don't know,Area Type (Population Density),Small Towns (Remote),2,124,2
T11,Don't know,Area Type (Population Density),Rural (Accessible),6,492,1
T11,Don't know,Area Type (Population Density),Rural (Remote),10,238,4
T11,Don't know,Energy Hub Area,Yes/Applicable,10,757,1
T11,Don't know,Energy Hub Area,No/Not Applicable,81,3298,2
T11,Don't know,Flood Risk Area,Yes/Applicable,35,1307,3
T11,Don't know,Flood Risk Area,No/Not Applicable,56,2749,2
T11,Don't know,Education,No Formal Qualifications,26,574,5
T11,Don't know,Education,Other Qualifications,33,1748,2
T11,Don't know,Education,Degree or Higher Qualifications,15,1329,1
T11,Don't know,Education,Non-graduate,60,2322,3
T11,Don't know,Working Status,Employed (FT or PT),47,2229,2
T11,Don't know,Working Status,Unemployed,21,683,3
T11,Don't know,Working Status,Retired,22,977,2
T11,Don't know,Income,"Less than £26,000",40,1181,3
T11,Don't know,Income,"From £26,000 to less than £52,000",14,969,1
T11,Don't know,Income,"Less than £52,000",53,2150,2
T11,Don't know,Income,"£52,000 and above",5,858,1
T11,Prefer not to say,Overall Population,Overall Population,14,4055,0
T11,Prefer not to say,Biological Sex,Men,4,1865,0
T11,Prefer not to say,Biological Sex,Women,3,2079,0
T11,Prefer not to say,Age,From 16 to 34,2,1020,0
T11,Prefer not to say,Age,From 35 to 54,4,1225,0
T11,Prefer not to say,Age,From 55 to 69,1,986,0
T11,Prefer not to say,Age,70 and above,1,702,0
T11,Prefer not to say,Age,35 and above,6,2913,0
T11,Prefer not to say,Age,Under 55,6,2246,0
T11,Prefer not to say,Area Type (Population Density),Urban (All),12,3326,0
T11,Prefer not to say,Area Type (Population Density),Rural (All),2,730,0
T11,Prefer not to say,Area Type (Population Density),Urban (Large),3,1516,0
T11,Prefer not to say,Area Type (Population Density),Urban (Other),7,1328,1
T11,Prefer not to say,Area Type (Population Density),Small Towns (Accessible),2,358,1
T11,Prefer not to say,Area Type (Population Density),Small Towns (Remote),NA,124,NA
T11,Prefer not to say,Area Type (Population Density),Rural (Accessible),1,492,0
T11,Prefer not to say,Area Type (Population Density),Rural (Remote),1,238,0
T11,Prefer not to say,Energy Hub Area,Yes/Applicable,NA,757,NA
T11,Prefer not to say,Energy Hub Area,No/Not Applicable,14,3298,0
T11,Prefer not to say,Flood Risk Area,Yes/Applicable,3,1307,0
T11,Prefer not to say,Flood Risk Area,No/Not Applicable,10,2749,0
T11,Prefer not to say,Education,No Formal Qualifications,NA,574,NA
T11,Prefer not to say,Education,Other Qualifications,NA,1748,NA
T11,Prefer not to say,Education,Degree or Higher Qualifications,2,1329,0
T11,Prefer not to say,Education,Non-graduate,NA,2322,NA
T11,Prefer not to say,Working Status,Employed (FT or PT),5,2229,0
T11,Prefer not to say,Working Status,Unemployed,NA,683,NA
T11,Prefer not to say,Working Status,Retired,1,977,0
T11,Prefer not to say,Income,"Less than £26,000",3,1181,0
T11,Prefer not to say,Income,"From £26,000 to less than £52,000",NA,969,NA
T11,Prefer not to say,Income,"Less than £52,000",3,2150,0
T11,Prefer not to say,Income,"£52,000 and above",1,858,0
